{"store": {"mountain": {"name": "m1", "difficulty_level": 2, "length": 3}, "following": {"store": {"path_bottom": {"store": {"mountain": {"name": "l1", "difficulty_level": 2, "length": 5}, "following": {"store": {"mountain": {"name": "l2", "difficulty_level": 4, "length": 1}, "following": {"store": null}}}}}, "path_top": {"store": {"path_bottom": {"store": null}, "path_top": {"store": null}, "path_follow": {"store": null}}}, "path_follow": {"store": {"mountain": {"name": "c1", "difficulty_level": 4, "length": 4}, "following": {"store": null}}}}}}}